<?xml version="1.0" encoding="UTF-8"?>
<project-private xmlns="http://www.netbeans.org/ns/project-private/1">
    <editor-bookmarks xmlns="http://www.netbeans.org/ns/editor-bookmarks/2" lastBookmarkId="0"/>
    <open-files xmlns="http://www.netbeans.org/ns/projectui-open-files/2">
        <group>
            <file>file:/C:/Users/Qiong/Documents/NetBeansProjects/TestWar/test/DataStructures/LinkedQueueTest.java</file>
            <file>file:/C:/Users/Qiong/Documents/NetBeansProjects/TestWar/src/Apps/Card.java</file>
            <file>file:/C:/Users/Qiong/Documents/NetBeansProjects/TestWar/src/Apps/War_array.java</file>
            <file>file:/C:/Users/Qiong/Documents/NetBeansProjects/TestWar/src/DataStructures/LinkedQueue.java</file>
            <file>file:/C:/Users/Qiong/Documents/NetBeansProjects/TestWar/src/Apps/Deck.java</file>
            <file>file:/C:/Users/Qiong/Documents/NetBeansProjects/TestWar/test/DataStructures/ArrayCircularQueueTest.java</file>
            <file>file:/C:/Users/Qiong/Documents/NetBeansProjects/TestWar/src/Apps/War_Linked.java</file>
        </group>
    </open-files>
</project-private>
