<?xml version="1.0" encoding="UTF-8"?>
<project-private xmlns="http://www.netbeans.org/ns/project-private/1">
    <editor-bookmarks xmlns="http://www.netbeans.org/ns/editor-bookmarks/2" lastBookmarkId="0"/>
    <open-files xmlns="http://www.netbeans.org/ns/projectui-open-files/2">
        <group>
            <file>file:/C:/Users/Qiong/Documents/NetBeansProjects/DS_Library_Trees/src/ADTs/BinarySearchTreeADT.java</file>
            <file>file:/C:/Users/Qiong/Documents/NetBeansProjects/DS_Library_Trees/src/DataStructures/LinkedBinarySearchTree.java</file>
            <file>file:/C:/Users/Qiong/Documents/NetBeansProjects/DS_Library_Trees/src/DataStructures/BTNode.java</file>
            <file>file:/C:/Users/Qiong/Documents/NetBeansProjects/DS_Library_Trees/test/DataStructures/LinkedBinaryTreeTest.java</file>
            <file>file:/C:/Users/Qiong/Documents/NetBeansProjects/DS_Library_Trees/src/ADTs/CollectionADT.java</file>
            <file>file:/C:/Users/Qiong/Documents/NetBeansProjects/DS_Library_Trees/src/DataStructures/LinkedBinaryTree.java</file>
            <file>file:/C:/Users/Qiong/Documents/NetBeansProjects/DS_Library_Trees/src/Apps/MentoringApp.java</file>
            <file>file:/C:/Users/Qiong/Documents/NetBeansProjects/DS_Library_Trees/src/ADTs/BinaryTreeADT.java</file>
        </group>
    </open-files>
</project-private>
